"RK",TIERS,"PLAYER NAME",TEAM,"POS","BYE WEEK","SOS SEASON","ECR VS. ADP"
"1",1,"Justin Jefferson",MIN,"WR1","13","3 out of 5 stars","0"
"2",1,"Ja'Marr Chase",CIN,"WR2","7","4 out of 5 stars","+1"
"3",1,"Christian McCaffrey",SF,"RB1","9","4 out of 5 stars","-1"
"4",1,"Cooper Kupp",LAR,"WR3","10","3 out of 5 stars","+2"
"5",1,"Tyreek Hill",MIA,"WR4","10","3 out of 5 stars","+2"
"6",2,"Travis Kelce",KC,"TE1","10","4 out of 5 stars","-1"
"7",2,"Austin Ekeler",LAC,"RB2","5","3 out of 5 stars","-3"
"8",2,"Stefon Diggs",BUF,"WR5","13","2 out of 5 stars","+2"
"9",2,"CeeDee Lamb",DAL,"WR6","7","2 out of 5 stars","+2"
"10",2,"Amon-Ra St. Brown",DET,"WR7","9","3 out of 5 stars","+9"
"11",2,"Saquon Barkley",NYG,"RB3","13","2 out of 5 stars","-3"
"12",2,"A.J. Brown",PHI,"WR8","10","3 out of 5 stars","+2"
"13",2,"Davante Adams",LV,"WR9","13","2 out of 5 stars","-1"
"14",3,"Garrett Wilson",NYJ,"WR10","7","3 out of 5 stars","+4"
"15",3,"Tony Pollard",DAL,"RB4","7","3 out of 5 stars","+2"
"16",3,"Bijan Robinson",ATL,"RB5","11","4 out of 5 stars","-7"
"17",3,"Nick Chubb",CLE,"RB6","5","3 out of 5 stars","-4"
"18",3,"Jaylen Waddle",MIA,"WR11","10","3 out of 5 stars","+6"
"19",3,"Chris Olave",NO,"WR12","11","4 out of 5 stars","+6"
"20",3,"Derrick Henry",TEN,"RB7","7","4 out of 5 stars","-4"
"21",4,"DeVonta Smith",PHI,"WR13","10","3 out of 5 stars","+5"
"22",4,"Josh Jacobs",LV,"RB8","13","3 out of 5 stars","-2"
"23",4,"Keenan Allen",LAC,"WR14","5","3 out of 5 stars","+19"
"24",4,"Patrick Mahomes II",KC,"QB1","10","3 out of 5 stars","-9"
"25",4,"Tee Higgins",CIN,"WR15","7","4 out of 5 stars","+4"
"26",4,"Jalen Hurts",PHI,"QB2","10","3 out of 5 stars","-3"
"27",4,"Jonathan Taylor",IND,"RB9","11","3 out of 5 stars","-5"
"28",4,"Josh Allen",BUF,"QB3","13","3 out of 5 stars","-7"
"29",4,"Rhamondre Stevenson",NE,"RB10","11","2 out of 5 stars","+3"
"30",4,"DK Metcalf",SEA,"WR16","5","3 out of 5 stars","+1"
"31",4,"Mark Andrews",BAL,"TE2","13","4 out of 5 stars","-3"
"32",4,"Joe Mixon",CIN,"RB11","7","3 out of 5 stars","+1"
"33",4,"Calvin Ridley",JAC,"WR17","9","4 out of 5 stars","+4"
"34",4,"Amari Cooper",CLE,"WR18","5","3 out of 5 stars","+7"
"35",4,"Najee Harris",PIT,"RB12","6","3 out of 5 stars","-8"
"36",5,"Aaron Jones",GB,"RB13","6","4 out of 5 stars","+2"
"37",5,"Deebo Samuel",SF,"WR19","9","3 out of 5 stars","+2"
"38",5,"Jahmyr Gibbs",DET,"RB14","9","5 out of 5 stars","-2"
"39",5,"Lamar Jackson",BAL,"QB4","13","3 out of 5 stars","-4"
"40",5,"Travis Etienne Jr.",JAC,"RB15","9","2 out of 5 stars","-10"
"41",5,"Chris Godwin",TB,"WR20","5","4 out of 5 stars","+26"
"42",5,"DeAndre Hopkins",TEN,"WR21","7","3 out of 5 stars","+8"
"43",5,"DJ Moore",CHI,"WR22","13","3 out of 5 stars","+9"
"44",5,"Drake London",ATL,"WR23","11","4 out of 5 stars","+24"
"45",5,"Joe Burrow",CIN,"QB5","7","3 out of 5 stars","-11"
"46",5,"Terry McLaurin",WAS,"WR24","14","3 out of 5 stars","+5"
"47",5,"Diontae Johnson",PIT,"WR25","6","3 out of 5 stars","+32"
"48",5,"Christian Watson",GB,"WR26","6","3 out of 5 stars","+7"
"49",5,"Justin Fields",CHI,"QB6","13","5 out of 5 stars","-5"
"50",5,"Tyler Lockett",SEA,"WR27","5","3 out of 5 stars","+22"
"51",5,"T.J. Hockenson",MIN,"TE3","13","3 out of 5 stars","-6"
"52",5,"Brandon Aiyuk",SF,"WR28","9","3 out of 5 stars","+19"
"53",5,"Breece Hall",NYJ,"RB16","7","3 out of 5 stars","-13"
"54",6,"Justin Herbert",LAC,"QB7","5","3 out of 5 stars","-11"
"55",6,"Mike Williams",LAC,"WR29","5","3 out of 5 stars","+4"
"56",6,"Jerry Jeudy",DEN,"WR30","9","2 out of 5 stars","0"
"57",6,"Christian Kirk",JAC,"WR31","9","4 out of 5 stars","+19"
"58",6,"Marquise Brown",ARI,"WR32","14","3 out of 5 stars","+27"
"59",6,"Kenneth Walker III",SEA,"RB17","5","2 out of 5 stars","-13"
"60",6,"Michael Pittman Jr.",IND,"WR33","11","4 out of 5 stars","+20"
"61",6,"Miles Sanders",CAR,"RB18","7","4 out of 5 stars","-13"
"62",6,"Mike Evans",TB,"WR34","5","4 out of 5 stars","+13"
"63",6,"Darren Waller",NYG,"TE4","13","1 out of 5 stars","-10"
"64",6,"Dameon Pierce",HOU,"RB19","7","3 out of 5 stars","-17"
"65",6,"Alexander Mattison",MIN,"RB20","13","5 out of 5 stars","-1"
"66",6,"Trevor Lawrence",JAC,"QB8","9","3 out of 5 stars","-12"
"67",6,"J.K. Dobbins",BAL,"RB21","13","3 out of 5 stars","-6"
"68",6,"Jahan Dotson",WAS,"WR35","14","3 out of 5 stars","+20"
"69",6,"James Conner",ARI,"RB22","14","3 out of 5 stars","-6"
"70",6,"Rachaad White",TB,"RB23","5","3 out of 5 stars","-4"
"71",6,"George Kittle",SF,"TE5","9","3 out of 5 stars","-22"
"72",6,"Cam Akers",LAR,"RB24","10","3 out of 5 stars","-10"
"73",7,"George Pickens",PIT,"WR36","6","3 out of 5 stars","+8"
"74",7,"Dallas Goedert",PHI,"TE6","10","2 out of 5 stars","-14"
"75",7,"Kyle Pitts",ATL,"TE7","11","3 out of 5 stars","-18"
"76",7,"Jordan Addison",MIN,"WR37","13","3 out of 5 stars","+16"
"77",7,"James Cook",BUF,"RB25","13","2 out of 5 stars","-3"
"78",7,"Alvin Kamara",NO,"RB26","11","4 out of 5 stars","-20"
"79",7,"Javonte Williams",DEN,"RB27","9","4 out of 5 stars","-10"
"80",7,"Brandin Cooks",DAL,"WR38","7","2 out of 5 stars","+10"
"81",7,"David Montgomery",DET,"RB28","9","5 out of 5 stars","+2"
"82",7,"Courtland Sutton",DEN,"WR39","9","2 out of 5 stars","+18"
"83",7,"Gabe Davis",BUF,"WR40","13","2 out of 5 stars","+19"
"84",7,"Jaxon Smith-Njigba",SEA,"WR41","5","3 out of 5 stars","+10"
"85",7,"D'Andre Swift",PHI,"RB29","10","1 out of 5 stars","-15"
"86",7,"Treylon Burks",TEN,"WR42","7","3 out of 5 stars","+18"
"87",7,"Isiah Pacheco",KC,"RB30","10","4 out of 5 stars","-14"
"88",7,"JuJu Smith-Schuster",NE,"WR43","11","2 out of 5 stars","+13"
"89",7,"Dalvin Cook",NYJ,"RB31","7","3 out of 5 stars","-24"
"90",7,"Zay Flowers",BAL,"WR44","13","3 out of 5 stars","+22"
"91",7,"Michael Thomas",NO,"WR45","11","4 out of 5 stars","+8"
"92",7,"Elijah Moore",CLE,"WR46","5","3 out of 5 stars","+53"
"93",7,"Antonio Gibson",WAS,"RB32","14","3 out of 5 stars","+14"
"94",7,"Deshaun Watson",CLE,"QB9","5","2 out of 5 stars","-17"
"95",8,"Dak Prescott",DAL,"QB10","7","2 out of 5 stars","-11"
"96",8,"Evan Engram",JAC,"TE8","9","2 out of 5 stars","-18"
"97",8,"Khalil Herbert",CHI,"RB33","13","5 out of 5 stars","-2"
"98",8,"Jakobi Meyers",LV,"WR47","13","2 out of 5 stars","+46"
"99",8,"Tua Tagovailoa",MIA,"QB11","10","2 out of 5 stars","-12"
"100",8,"Pat Freiermuth",PIT,"TE9","6","4 out of 5 stars","-9"
"101",8,"Daniel Jones",NYG,"QB12","13","1 out of 5 stars","+15"
"102",8,"AJ Dillon",GB,"RB34","6","4 out of 5 stars","-13"
"103",8,"Rashod Bateman",BAL,"WR48","13","3 out of 5 stars","+47"
"104",8,"Quentin Johnston",LAC,"WR49","5","3 out of 5 stars","+14"
"105",8,"Skyy Moore",KC,"WR50","10","2 out of 5 stars","+22"
"106",8,"Kirk Cousins",MIN,"QB13","13","4 out of 5 stars","-1"
"107",8,"Brian Robinson Jr.",WAS,"RB35","14","3 out of 5 stars","-4"
"108",8,"Samaje Perine",DEN,"RB36","9","4 out of 5 stars","+3"
"109",8,"Geno Smith",SEA,"QB14","5","2 out of 5 stars","+8"
"110",8,"Kadarius Toney",KC,"WR51","10","2 out of 5 stars","+4"
"111",8,"Anthony Richardson",IND,"QB15","11","4 out of 5 stars","+2"
"112",8,"Nico Collins",HOU,"WR52","7","4 out of 5 stars","+60"
"113",8,"David Njoku",CLE,"TE10","5","3 out of 5 stars","-31"
"114",8,"Zach Charbonnet",SEA,"RB37","5","2 out of 5 stars","-4"
"115",8,"Jerick McKinnon",KC,"RB38","10","4 out of 5 stars","+5"
"116",8,"Allen Lazard",NYJ,"WR53","7","3 out of 5 stars","+20"
"117",8,"Aaron Rodgers",NYJ,"QB16","7","2 out of 5 stars","-21"
"118",8,"Romeo Doubs",GB,"WR54","6","3 out of 5 stars","+51"
"119",8,"Jamaal Williams",NO,"RB39","11","4 out of 5 stars","-22"
"120",8,"Zay Jones",JAC,"WR55","9","4 out of 5 stars","+47"
"121",8,"Tyler Boyd",CIN,"WR56","7","4 out of 5 stars","+31"
"122",8,"Rondale Moore",ARI,"WR57","14","3 out of 5 stars","+54"
"123",8,"Jared Goff",DET,"QB17","9","4 out of 5 stars","+10"
"124",8,"Darnell Mooney",CHI,"WR58","13","3 out of 5 stars","+46"
"125",8,"Odell Beckham Jr.",BAL,"WR59","13","3 out of 5 stars","-27"
"126",9,"Tyler Higbee",LAR,"TE11","10","2 out of 5 stars","+13"
"127",9,"Dalton Schultz",HOU,"TE12","7","3 out of 5 stars","-12"
"128",9,"Rashaad Penny",PHI,"RB40","10","1 out of 5 stars","+3"
"129",9,"Russell Wilson",DEN,"QB18","9","4 out of 5 stars","+11"
"130",9,"Jaylen Warren",PIT,"RB41","6","3 out of 5 stars","+32"
"131",9,"Adam Thielen",CAR,"WR60","7","4 out of 5 stars","+3"
"132",9,"Damien Harris",BUF,"RB42","13","2 out of 5 stars","+31"
"133",9,"Jameson Williams",DET,"WR61","9","3 out of 5 stars","+13"
"134",9,"Chigoziem Okonkwo",TEN,"TE13","7","3 out of 5 stars","+9"
"135",9,"Raheem Mostert",MIA,"RB43","10","1 out of 5 stars","+12"
"136",9,"Jeff Wilson Jr.",MIA,"RB44","10","1 out of 5 stars","+12"
"137",9,"Elijah Mitchell",SF,"RB45","9","4 out of 5 stars","+1"
"138",9,"De'Von Achane",MIA,"RB46","10","1 out of 5 stars","-9"
"139",9,"Michael Gallup",DAL,"WR62","7","2 out of 5 stars","+43"
"140",9,"Tyler Allgeier",ATL,"RB47","11","4 out of 5 stars","+14"
"141",9,"Kenneth Gainwell",PHI,"RB48","10","1 out of 5 stars","+44"
"142",9,"Cole Kmet",CHI,"TE14","13","4 out of 5 stars","-20"
"143",9,"DJ Chark Jr.",CAR,"WR63","7","4 out of 5 stars","+41"
"144",9,"Devin Singletary",HOU,"RB49","7","3 out of 5 stars","+5"
"145",9,"Derek Carr",NO,"QB19","11","5 out of 5 stars","+14"
"146",9,"Dalton Kincaid",BUF,"TE15","13","3 out of 5 stars","-22"
"147",9,"Gerald Everett",LAC,"TE16","5","4 out of 5 stars","+9"
"148",9,"Matthew Stafford",LAR,"QB20","10","2 out of 5 stars","+23"
"149",9,"Greg Dulcich",DEN,"TE17","9","4 out of 5 stars","+12"
"150",9,"Ezekiel Elliott",NE,"RB50","11","2 out of 5 stars","-20"
"151",9,"Tank Bigsby",JAC,"RB51","9","2 out of 5 stars","+17"
"152",9,"Kenny Pickett",PIT,"QB21","6","2 out of 5 stars","+12"
"153",9,"Donovan Peoples-Jones",CLE,"WR64","5","3 out of 5 stars","+67"
"154",9,"Jordan Love",GB,"QB22","6","5 out of 5 stars","+24"
"155",9,"K.J. Osborn",MIN,"WR65","13","3 out of 5 stars","+24"
"156",9,"Alec Pierce",IND,"WR66","11","4 out of 5 stars","+75"
"157",9,"Juwan Johnson",NO,"TE18","11","5 out of 5 stars","-6"
"158",10,"Curtis Samuel",WAS,"WR67","14","3 out of 5 stars","+80"
"159",10,"Van Jefferson",LAR,"WR68","10","3 out of 5 stars","+101"
"160",10,"Isaiah Hodgins",NYG,"WR69","13","3 out of 5 stars","+75"
"161",10,"Jonathan Mingo",CAR,"WR70","7","4 out of 5 stars","+46"
"162",10,"Brock Purdy",SF,"QB23","9","3 out of 5 stars","+13"
"163",10,"Sam LaPorta",DET,"TE19","9","3 out of 5 stars","+2"
"164",10,"Hunter Renfrow",LV,"WR71","13","2 out of 5 stars","+62"
"165",10,"Rashid Shaheed",NO,"WR72","11","4 out of 5 stars","+100"
"166",10,"Kendre Miller",NO,"RB52","11","4 out of 5 stars","+24"
"167",10,"Marvin Mims Jr.",DEN,"WR73","9","2 out of 5 stars","+73"
"168",10,"San Francisco 49ers",SF,"DST1","9","1 out of 5 stars","-82"
"169",10,"Jayden Reed",GB,"WR74","6","3 out of 5 stars","+68"
"170",10,"D'Onta Foreman",CHI,"RB53","13","5 out of 5 stars","+19"
"171",10,"Roschon Johnson",CHI,"RB54","13","5 out of 5 stars","+16"
"172",10,"Chuba Hubbard",CAR,"RB55","7","4 out of 5 stars","+53"
"173",10,"Marquez Valdes-Scantling",KC,"WR75","10","2 out of 5 stars","+28"
"174",10,"Dallas Cowboys",DAL,"DST2","7","2 out of 5 stars","-55"
"175",10,"DeVante Parker",NE,"WR76","11","2 out of 5 stars","+91"
"176",10,"Darius Slayton",NYG,"WR77","13","3 out of 5 stars","+82"
"177",10,"Parris Campbell",NYG,"WR78","13","3 out of 5 stars","+35"
"178",10,"Bryce Young",CAR,"QB24","7","4 out of 5 stars","-12"
"179",10,"Philadelphia Eagles",PHI,"DST3","10","2 out of 5 stars","-71"
"180",10,"Robert Woods",HOU,"WR79","7","4 out of 5 stars","+108"
"181",10,"Rashee Rice",KC,"WR80","10","2 out of 5 stars","-1"
"182",10,"Justin Tucker",BAL,"K1","13","5 out of 5 stars","-89"
"183",10,"Irv Smith Jr.",CIN,"TE20","7","4 out of 5 stars","+28"
"184",10,"Buffalo Bills",BUF,"DST4","13","1 out of 5 stars","-78"
"185",10,"Sam Howell",WAS,"QB25","14","1 out of 5 stars","+18"
"186",10,"Hayden Hurst",CAR,"TE21","7","3 out of 5 stars","+35"
"187",10,"John Metchie III",HOU,"WR81","7","4 out of 5 stars","+59"
"188",10,"Ryan Tannehill",TEN,"QB26","7","4 out of 5 stars","+64"
"189",10,"Tyler Bass",BUF,"K2","13","4 out of 5 stars","-64"
"190",10,"Kyler Murray",ARI,"QB27","14","2 out of 5 stars","-9"
"191",10,"New York Jets",NYJ,"DST5","7","2 out of 5 stars","-70"
"192",10,"Chase Claypool",CHI,"WR82","13","3 out of 5 stars","+70"
"193",10,"New England Patriots",NE,"DST6","11","2 out of 5 stars","-70"
"194",10,"Jerome Ford",CLE,"RB56","5","3 out of 5 stars","+49"
"195",10,"Harrison Butker",KC,"K3","10","5 out of 5 stars","-60"
"196",10,"Jalin Hyatt",NYG,"WR83","13","3 out of 5 stars","-36"
"197",10,"Zamir White",LV,"RB57","13","3 out of 5 stars","+31"
"198",11,"Tyjae Spears",TEN,"RB58","7","4 out of 5 stars","+26"
"199",11,"Gus Edwards",BAL,"RB59","13","3 out of 5 stars","+14"
"200",11,"Evan McPherson",CIN,"K4","7","0 out of 5 stars","-74"
"201",11,"Joshua Palmer",LAC,"WR84","5","3 out of 5 stars","+115"
"202",11,"Wan'Dale Robinson",NYG,"WR85","13","3 out of 5 stars","+117"
"203",11,"Baltimore Ravens",BAL,"DST7","13","3 out of 5 stars","-66"
"204",11,"Clyde Edwards-Helaire",KC,"RB60","10","4 out of 5 stars","+12"
"205",11,"Daniel Carlson",LV,"K5","13","2 out of 5 stars","-96"
"206",11,"Hunter Henry",NE,"TE22","11","2 out of 5 stars","+17"
"207",11,"Mecole Hardman Jr.",NYJ,"WR86","7","3 out of 5 stars","+47"
"208",11,"Allen Robinson II",PIT,"WR87","6","3 out of 5 stars","+98"
"209",11,"Denver Broncos",DEN,"DST8","9","2 out of 5 stars","-12"
"210",11,"Dawson Knox",BUF,"TE23","13","3 out of 5 stars","-16"
"211",11,"Cordarrelle Patterson",ATL,"RB61","11","4 out of 5 stars","+3"
"212",11,"Kansas City Chiefs",KC,"DST9","10","2 out of 5 stars","-57"
"213",11,"C.J. Stroud",HOU,"QB28","7","3 out of 5 stars","+4"
"214",11,"Jimmy Garoppolo",LV,"QB29","13","4 out of 5 stars","-12"
"215",11,"Josh Downs",IND,"WR88","11","4 out of 5 stars","+42"
"216",11,"Mike Gesicki",NE,"TE24","11","2 out of 5 stars","-16"
"217",11,"New Orleans Saints",NO,"DST10","11","4 out of 5 stars","-60"
"218",11,"Pittsburgh Steelers",PIT,"DST11","6","4 out of 5 stars","-86"
"219",11,"Trey McBride",ARI,"TE25","14","2 out of 5 stars","+94"
"220",11,"Mac Jones",NE,"QB30","11","2 out of 5 stars","+14"
"221",11,"Younghoe Koo",ATL,"K6","11","4 out of 5 stars","-80"
"222",11,"Miami Dolphins",MIA,"DST12","10","3 out of 5 stars","-80"
"223",11,"Jason Sanders",MIA,"K7","10","2 out of 5 stars","-1"
"224",11,"Cincinnati Bengals",CIN,"DST13","7","4 out of 5 stars","-47"
"225",11,"Jake Ferguson",DAL,"TE26","7","3 out of 5 stars","-17"
"226",11,"Noah Fant",SEA,"TE27","5","2 out of 5 stars","+35"
"227",11,"Tyquan Thornton",NE,"WR89","11","2 out of 5 stars","+107"
"228",11,"Joshua Kelley",LAC,"RB62","5","3 out of 5 stars","+25"
"229",11,"Brandon McManus",JAC,"K8","9","2 out of 5 stars","-31"
"230",11,"Jake Elliott",PHI,"K9","10","2 out of 5 stars","-72"
"231",11,"Jason Myers",SEA,"K10","5","2 out of 5 stars","-103"
"232",11,"Tank Dell",HOU,"WR90","7","4 out of 5 stars","-14"
"233",11,"Washington Commanders",WAS,"DST14","14","3 out of 5 stars","-42"
"234",11,"Richie James Jr.",KC,"WR91","10","2 out of 5 stars","+51"
"235",11,"Terrace Marshall Jr.",CAR,"WR92","7","4 out of 5 stars","-"
"236",11,"Zach Ertz",ARI,"TE28","14","2 out of 5 stars","-50"
"237",11,"Desmond Ridder",ATL,"QB31","11","4 out of 5 stars","+39"
"238",11,"Cleveland Browns",CLE,"DST15","5","5 out of 5 stars","-45"
"239",11,"Mack Hollins",ATL,"WR93","11","4 out of 5 stars","-"
"240",11,"Marvin Jones Jr.",DET,"WR94","9","3 out of 5 stars","+96"
"241",11,"Michael Carter",NYJ,"RB63","7","3 out of 5 stars","+36"
"242",11,"Tampa Bay Buccaneers",TB,"DST16","5","4 out of 5 stars","+41"
"243",12,"Luke Musgrave",GB,"TE29","6","4 out of 5 stars","-44"
"244",12,"Green Bay Packers",GB,"DST17","6","2 out of 5 stars","-71"
"245",12,"Michael Mayer",LV,"TE30","13","5 out of 5 stars","-41"
"246",12,"Sterling Shepard",NYG,"WR95","13","3 out of 5 stars","+153"
"247",12,"Los Angeles Chargers",LAC,"DST18","5","2 out of 5 stars","-11"
"248",12,"Khalil Shakir",BUF,"WR96","13","2 out of 5 stars","+81"
"249",12,"Chase Edmonds",TB,"RB64","5","3 out of 5 stars","+29"
"250",12,"Graham Gano",NYG,"K11","13","0 out of 5 stars","-97"
"251",12,"Kyren Williams",LAR,"RB65","10","3 out of 5 stars","+23"
"252",12,"Leonard Fournette",FA,"RB66","-","-","-47"
"253",12,"Greg Joseph",MIN,"K12","13","1 out of 5 stars","-23"
"254",12,"Matt Gay",IND,"K13","11","4 out of 5 stars","-71"
"255",12,"Kareem Hunt",FA,"RB67","-","-","-49"
"256",12,"Josh Reynolds",DET,"WR97","9","3 out of 5 stars","-"
"257",12,"Cade Otton",TB,"TE31","5","2 out of 5 stars","+45"
"258",12,"Greg Zuerlein",NYJ,"K14","7","4 out of 5 stars","-48"
"259",12,"Chase Brown",CIN,"RB68","7","3 out of 5 stars","-9"
"260",12,"Ty Chandler",MIN,"RB69","13","5 out of 5 stars","-12"
"261",12,"Jacksonville Jaguars",JAC,"DST19","9","5 out of 5 stars","-66"
"262",12,"Kendrick Bourne",NE,"WR98","11","2 out of 5 stars","-"
"263",12,"Tyler Conklin",NYJ,"TE32","7","3 out of 5 stars","-36"
"264",12,"Jelani Woods",IND,"TE33","11","3 out of 5 stars","+93"
"265",12,"Baker Mayfield",TB,"QB32","5","3 out of 5 stars","-20"
"266",12,"Wil Lutz",NO,"K15","11","5 out of 5 stars","-34"
"267",12,"Taysom Hill",NO,"TE34","11","5 out of 5 stars","-79"
"268",12,"Indianapolis Colts",IND,"DST20","11","3 out of 5 stars","+18"
"269",12,"Nick Folk",NE,"K16","11","2 out of 5 stars","-54"
"270",12,"Isaiah Likely",BAL,"TE35","13","4 out of 5 stars","-6"
"271",12,"Michael Wilson",ARI,"WR99","14","3 out of 5 stars","-4"
"272",12,"Puka Nacua",LAR,"WR100","10","3 out of 5 stars","+50"
"273",12,"Deuce Vaughn",DAL,"RB70","7","3 out of 5 stars","-99"
"274",12,"Zach Evans",LAR,"RB71","10","3 out of 5 stars","+54"
"275",12,"Isaiah McKenzie",IND,"WR101","11","4 out of 5 stars","+104"
"276",12,"Pierre Strong Jr.",NE,"RB72","11","2 out of 5 stars","+62"
"277",12,"Cedric Tillman",CLE,"WR102","5","3 out of 5 stars","+273"
"278",12,"Chris Boswell",PIT,"K17","6","4 out of 5 stars","-45"
"279",12,"Carolina Panthers",CAR,"DST21","7","3 out of 5 stars","-38"
"280",12,"Logan Thomas",WAS,"TE36","14","3 out of 5 stars","+80"
"281",12,"Seattle Seahawks",SEA,"DST22","5","2 out of 5 stars","-89"
"282",12,"Laviska Shenault Jr.",CAR,"WR103","7","4 out of 5 stars","-"
"283",12,"Quez Watkins",PHI,"WR104","10","3 out of 5 stars","+89"
"284",12,"Jake Moody",SF,"K18","9","2 out of 5 stars","-75"
"285",12,"Isaiah Spiller",LAC,"RB73","5","3 out of 5 stars","-"
"286",12,"Justyn Ross",KC,"WR105","10","2 out of 5 stars","-67"
"287",12,"Matt Prater",ARI,"K19","14","2 out of 5 stars","-16"
"288",12,"Riley Patterson",DET,"K20","9","1 out of 5 stars","-39"
"289",12,"Braxton Berrios",MIA,"WR106","10","3 out of 5 stars","-"
"290",12,"Evan Hull",IND,"RB74","11","3 out of 5 stars","-21"
"291",12,"Keaontay Ingram",ARI,"RB75","14","3 out of 5 stars","-"
"292",12,"Los Angeles Rams",LAR,"DST23","10","3 out of 5 stars","-48"
"293",12,"New York Giants",NYG,"DST24","13","3 out of 5 stars","-64"
"294",12,"Latavius Murray",BUF,"RB76","13","2 out of 5 stars","+27"
"295",13,"Tennessee Titans",TEN,"DST25","7","5 out of 5 stars","-6"
"296",13,"Russell Gage",TB,"WR107","5","4 out of 5 stars","-"
"297",13,"Dustin Hopkins",LAC,"K21","5","4 out of 5 stars","+3"
"298",13,"Nick Westbrook-Ikhine",TEN,"WR108","7","3 out of 5 stars","-"
"299",13,"Chris Evans",CIN,"RB77","7","3 out of 5 stars","-4"
"300",13,"Matt Breida",NYG,"RB78","13","2 out of 5 stars","+12"
"301",13,"Zack Moss",IND,"RB79","11","3 out of 5 stars","-29"
"302",13,"Cairo Santos",CHI,"K22","13","5 out of 5 stars","+5"
"303",13,"Israel Abanikanda",NYJ,"RB80","7","3 out of 5 stars","+23"
"304",13,"Jordan Mason",SF,"RB81","9","4 out of 5 stars","+155"
"305",13,"Sean Tucker",TB,"RB82","5","3 out of 5 stars","-24"
"306",13,"Devin Duvernay",BAL,"WR109","13","3 out of 5 stars","+123"
"307",13,"Detroit Lions",DET,"DST26","9","3 out of 5 stars","-68"
"308",13,"Greg Dortch",ARI,"WR110","14","3 out of 5 stars","-"
"309",13,"Ka'imi Fairbairn",HOU,"K23","7","5 out of 5 stars","-15"
"310",13,"JaMycal Hasty",JAC,"RB83","9","2 out of 5 stars","-"
"311",13,"Kayshon Boutte",NE,"WR111","11","2 out of 5 stars","+109"
"312",13,"DeWayne McBride",MIN,"RB84","13","5 out of 5 stars","+12"
"313",13,"D'Ernest Johnson",JAC,"RB85","9","2 out of 5 stars","+217"
"314",13,"Austin Hooper",LV,"TE37","13","5 out of 5 stars","-"
"315",13,"Deon Jackson",IND,"RB86","11","3 out of 5 stars","-52"
"316",13,"Daniel Bellinger",NYG,"TE38","13","1 out of 5 stars","+1"
"317",13,"David Bell",CLE,"WR112","5","3 out of 5 stars","-"
"318",13,"Boston Scott",PHI,"RB87","10","1 out of 5 stars","+50"
"319",13,"Zonovan Knight",NYJ,"RB88","7","3 out of 5 stars","-"
"320",13,"Malik Davis",DAL,"RB89","7","3 out of 5 stars","-"
"321",13,"Brett Maher",DEN,"K24","9","2 out of 5 stars","-62"
"322",13,"Tutu Atwell",LAR,"WR113","10","3 out of 5 stars","-"
"323",13,"Cade York",CLE,"K25","5","3 out of 5 stars","-43"
"324",13,"James Robinson",NYG,"RB90","13","2 out of 5 stars","+7"
"325",13,"Deonte Harty",BUF,"WR114","13","2 out of 5 stars","+257"
"326",13,"Trey Lance",DAL,"QB33","7","2 out of 5 stars","-51"
"327",13,"Jacoby Brissett",WAS,"QB34","14","1 out of 5 stars","-"
"328",13,"Kyle Philips",TEN,"WR115","7","3 out of 5 stars","-"
"329",13,"Cameron Dicker",LAC,"K26","5","4 out of 5 stars","-133"
"330",13,"Nelson Agholor",BAL,"WR116","13","3 out of 5 stars","-"
"331",13,"Minnesota Vikings",MIN,"DST27","13","2 out of 5 stars","-89"
"332",13,"Eric Gray",NYG,"RB91","13","2 out of 5 stars","-"
"333",13,"Hassan Haskins",TEN,"RB92","7","4 out of 5 stars","-"
"334",13,"Michael Badgley",TEN,"K27","7","4 out of 5 stars","-66"
"335",13,"Tyrion Davis-Price",SF,"RB93","9","4 out of 5 stars","+107"
"336",13,"Robbie Chosen",MIA,"WR117","10","3 out of 5 stars","+232"
"337",13,"Ronald Jones II",DAL,"RB94","7","3 out of 5 stars","-"
"338",13,"Melvin Gordon III",BAL,"RB95","13","3 out of 5 stars","-"
"339",13,"Trayveon Williams",CIN,"RB96","7","3 out of 5 stars","-"
"340",13,"Adam Trautman",DEN,"TE39","9","4 out of 5 stars","+76"
"341",14,"Eddy Pineiro",CAR,"K28","7","3 out of 5 stars","-94"
"342",14,"Will Levis",TEN,"QB35","7","4 out of 5 stars","-"
"343",14,"Kyle Trask",TB,"QB36","5","3 out of 5 stars","-"
"344",14,"Robbie Gould",FA,"K29","-","-","-21"
"345",14,"Colt McCoy",ARI,"QB37","14","2 out of 5 stars","-"
"346",14,"DeeJay Dallas",SEA,"RB97","5","2 out of 5 stars","-"
"347",14,"KJ Hamler",FA,"WR118","-","-","-"
"348",14,"Jonnu Smith",ATL,"TE40","11","3 out of 5 stars","+241"
"349",14,"Robert Tonyan",CHI,"TE41","13","4 out of 5 stars","-24"
"350",14,"Ryan Succop",FA,"K30","-","-","+151"
"351",14,"Noah Brown",HOU,"WR119","7","4 out of 5 stars","+166"
"352",14,"Luke Schoonmaker",DAL,"TE42","7","3 out of 5 stars","-53"
"353",14,"Jauan Jennings",SF,"WR120","9","3 out of 5 stars","+42"
"354",14,"Ben Skowronek",LAR,"WR121","10","3 out of 5 stars","-"
"355",14,"A.T. Perry",NO,"WR122","11","4 out of 5 stars","-"
"356",14,"Xavier Hutchinson",HOU,"WR123","7","4 out of 5 stars","-"
"357",14,"Trey Palmer",TB,"WR124","5","4 out of 5 stars","-59"
"358",14,"Albert Okwuegbunam",DEN,"TE43","9","4 out of 5 stars","+115"
"359",14,"Kenyan Drake",IND,"RB98","11","3 out of 5 stars","-"
"360",14,"Kalif Raymond",DET,"WR125","9","3 out of 5 stars","-"
"361",14,"Marquez Callaway",DEN,"WR126","9","2 out of 5 stars","+165"
"362",14,"Randall Cobb",NYJ,"WR127","7","3 out of 5 stars","+57"
"363",14,"Salvon Ahmed",MIA,"RB99","10","1 out of 5 stars","+80"
"364",14,"Ke'Shawn Vaughn",TB,"RB100","5","3 out of 5 stars","-"
"365",14,"Calvin Austin III",PIT,"WR128","6","3 out of 5 stars","-62"
"366",14,"Noah Gray",KC,"TE44","10","4 out of 5 stars","-65"
"367",14,"Trent Sherfield",BUF,"WR129","13","2 out of 5 stars","-"
"368",14,"Foster Moreau",NO,"TE45","11","5 out of 5 stars","-"
"369",14,"Myles Gaskin",MIA,"RB101","10","1 out of 5 stars","-"
"370",14,"Rico Dowdle",DAL,"RB102","7","3 out of 5 stars","+94"
"371",14,"Jamison Crowder",NYG,"WR130","13","3 out of 5 stars","-"
"372",14,"Sam Darnold",SF,"QB38","9","3 out of 5 stars","-"
"373",14,"Tyler Scott",CHI,"WR131","13","3 out of 5 stars","+198"
"374",14,"Darnell Washington",PIT,"TE46","6","4 out of 5 stars","-118"
"375",14,"Ameer Abdullah",LV,"RB103","13","3 out of 5 stars","-"
"376",14,"Jalen Tolbert",DAL,"WR132","7","2 out of 5 stars","+22"
"377",14,"Olamide Zaccheaus",PHI,"WR133","10","3 out of 5 stars","+31"
"378",14,"Rodrigo Blankenship",FA,"K31","-","-","-48"
"379",14,"Chris Moore",TEN,"WR134","7","3 out of 5 stars","+128"
"380",14,"Will Dissly",SEA,"TE47","5","2 out of 5 stars","-17"
"381",14,"Donald Parham Jr.",LAC,"TE48","5","4 out of 5 stars","-"
"382",14,"Tucker Kraft",GB,"TE49","6","4 out of 5 stars","+1"
"383",14,"Deneric Prince",KC,"RB104","10","4 out of 5 stars","-73"
"384",14,"Cole Turner",WAS,"TE50","14","3 out of 5 stars","+88"
"385",14,"Brandon Aubrey",DAL,"K32","7","3 out of 5 stars","-93"
"386",14,"Arizona Cardinals",ARI,"DST28","14","4 out of 5 stars","-116"
"387",14,"Demario Douglas",NE,"WR135","11","2 out of 5 stars","+97"
"388",14,"Cedrick Wilson Jr.",MIA,"WR136","10","3 out of 5 stars","+145"
"389",14,"Durham Smythe",MIA,"TE51","10","2 out of 5 stars","-28"
"390",14,"Gardner Minshew II",IND,"QB39","11","4 out of 5 stars","+168"
"391",14,"Kenny McIntosh",SEA,"RB105","5","2 out of 5 stars","+66"
"392",14,"Jarvis Landry",FA,"WR137","-","-","+193"
"393",14,"Mason Crosby",FA,"K33","-","-","-73"
"394",14,"Joey Slye",WAS,"K34","14","4 out of 5 stars","-98"
"395",14,"Raheem Blackshear",CAR,"RB106","7","4 out of 5 stars","-"
"396",14,"Justice Hill",BAL,"RB107","13","3 out of 5 stars","+64"
"397",14,"Atlanta Falcons",ATL,"DST29","11","5 out of 5 stars","-107"
"398",14,"Ty Montgomery",NE,"RB108","11","2 out of 5 stars","-"
"399",14,"Justin Watson",KC,"WR138","10","2 out of 5 stars","-18"
"400",14,"Chris Rodriguez Jr.",WAS,"RB109","14","3 out of 5 stars","-"
"401",14,"Anders Carlson",GB,"K35","6","5 out of 5 stars","-117"
"402",14,"Chicago Bears",CHI,"DST30","13","1 out of 5 stars","-151"
"403",14,"Brevin Jordan",HOU,"TE52","7","3 out of 5 stars","-"
"404",14,"J.D. McKissic",FA,"RB110","-","-","-"
"405",14,"C.J. Uzomah",NYJ,"TE53","7","3 out of 5 stars","-50"
"406",14,"Julio Jones",FA,"WR139","-","-","-19"
"407",14,"Demarcus Robinson",LAR,"WR140","10","3 out of 5 stars","-"
"408",14,"Chase McLaughlin",TB,"K36","5","2 out of 5 stars","-135"
"409",14,"Tristan Vizcaino",FA,"K37","-","-","-77"
"410",14,"Jamal Agnew",JAC,"WR141","9","4 out of 5 stars","-"
"411",14,"Dyami Brown",WAS,"WR142","14","3 out of 5 stars","+89"
"412",15,"Kene Nwangwu",MIN,"RB111","13","5 out of 5 stars","-"
"413",15,"Harrison Bryant",CLE,"TE54","5","3 out of 5 stars","+99"
"414",15,"Mo Alie-Cox",IND,"TE55","11","3 out of 5 stars","+42"
"415",15,"Houston Texans",HOU,"DST31","7","3 out of 5 stars","-111"
"416",15,"Mike White",MIA,"QB40","10","2 out of 5 stars","-"
"417",15,"Darrell Henderson Jr.",FA,"RB112","-","-","-"
"418",15,"Taylor Heinicke",ATL,"QB41","11","4 out of 5 stars","-"
"419",15,"Bailey Zappe",NE,"QB42","11","2 out of 5 stars","+121"
"420",15,"Charlie Jones",CIN,"WR143","7","4 out of 5 stars","+26"
"421",15,"Chad Ryland",NE,"K38","11","2 out of 5 stars","-82"
"422",15,"Parker Washington",JAC,"WR144","9","4 out of 5 stars","-"
"423",15,"Kylen Granson",IND,"TE56","11","3 out of 5 stars","-"
"424",15,"Samori Toure",GB,"WR145","6","3 out of 5 stars","+150"
"425",15,"Craig Reynolds",DET,"RB113","9","5 out of 5 stars","-"
"426",15,"Kevin Harris",NE,"RB114","11","2 out of 5 stars","-"
"427",15,"Darrel Williams",NO,"RB115","11","4 out of 5 stars","-"
"428",15,"Tanner Brown",LAR,"K39","10","0 out of 5 stars","-61"
"429",15,"Trenton Irwin",CIN,"WR146","7","4 out of 5 stars","-60"
"430",15,"Jameis Winston",NO,"QB43","11","5 out of 5 stars","-24"
"431",15,"Kyle Juszczyk",SF,"RB116","9","4 out of 5 stars","-149"
"432",15,"Denzel Mims",FA,"WR147","-","-","-"
"433",15,"Corey Clement",ARI,"RB117","14","3 out of 5 stars","-"
"434",15,"Clayton Tune",ARI,"QB44","14","2 out of 5 stars","-"
"435",15,"Dontrell Hilliard",FA,"RB118","-","-","-"
"436",15,"Zach Pascal",ARI,"WR148","14","3 out of 5 stars","-"
"437",15,"Ty Johnson",BUF,"RB119","13","2 out of 5 stars","+52"
"438",15,"Dontayvion Wicks",GB,"WR149","6","3 out of 5 stars","-"
"439",15,"Jordan Akins",CLE,"TE57","5","3 out of 5 stars","+74"
"440",15,"DeAndre Carter",LV,"WR150","13","2 out of 5 stars","-"
"441",15,"Demetric Felton Jr.",CLE,"RB120","5","3 out of 5 stars","-"
"442",15,"Velus Jones Jr.",CHI,"WR151","13","3 out of 5 stars","-"
"443",15,"Brenton Strange",JAC,"TE58","9","2 out of 5 stars","+33"
"444",15,"Tre Tucker",LV,"WR152","13","2 out of 5 stars","+64"
"445",15,"Tre'Quan Smith",NO,"WR153","11","4 out of 5 stars","-"
"446",15,"Tyler Davis",FA,"K40","-","-","-"
"447",15,"Las Vegas Raiders",LV,"DST32","13","3 out of 5 stars","-192"
"448",15,"Andrei Iosivas",CIN,"WR154","7","4 out of 5 stars","-"
"449",15,"Tony Jones Jr.",DEN,"RB121","9","4 out of 5 stars","-"
"450",15,"Mike Boone",HOU,"RB122","7","3 out of 5 stars","-"
"451",15,"KhaDarel Hodge",ATL,"WR155","11","4 out of 5 stars","-"
"452",15,"Brandon Bolden",LV,"RB123","13","3 out of 5 stars","-"
"453",15,"Kenny Golladay",FA,"WR156","-","-","-"
"454",15,"Scott Miller",ATL,"WR157","11","4 out of 5 stars","+67"
"455",15,"Jeremy Ruckert",NYJ,"TE59","7","3 out of 5 stars","-"
"456",15,"Caleb Shudak",FA,"K41","-","-","+50"
"457",15,"Randy Bullock",FA,"K42","-","-","-"
"458",15,"Keaton Mitchell",BAL,"RB124","13","3 out of 5 stars","+37"
"459",15,"Tyler Huntley",BAL,"QB45","13","3 out of 5 stars","-"
"460",15,"Josh Oliver",MIN,"TE60","13","3 out of 5 stars","-49"
"461",15,"David Moore",TB,"WR158","5","4 out of 5 stars","-"
"462",15,"Colby Parkinson",SEA,"TE61","5","2 out of 5 stars","+60"
"463",15,"Marquise Goodwin",CLE,"WR159","5","3 out of 5 stars","+121"
"464",15,"Andy Dalton",CAR,"QB46","7","4 out of 5 stars","-"
"465",15,"Rex Burkhead",FA,"RB125","-","-","-26"
"466",15,"Justin Shorter",BUF,"WR160","13","2 out of 5 stars","-26"
"467",15,"Peyton Hendershot",DAL,"TE62","7","3 out of 5 stars","-44"
"468",15,"Byron Pringle",WAS,"WR161","14","3 out of 5 stars","-3"
"469",15,"Julius Chestnut",TEN,"RB126","7","4 out of 5 stars","-"
"470",15,"Jalen Nailor",MIN,"WR162","13","3 out of 5 stars","-"
"471",15,"Deven Thompkins",TB,"WR163","5","4 out of 5 stars","-"
"472",15,"Brock Wright",DET,"TE63","9","3 out of 5 stars","-47"
"473",15,"Zach Wilson",NYJ,"QB47","7","2 out of 5 stars","-136"
"474",15,"Jalen Guyton",LAC,"WR164","5","3 out of 5 stars","-"
"475",15,"Aidan O'Connell",LV,"QB48","13","4 out of 5 stars","-98"
"476",15,"Shi Smith",CAR,"WR165","7","4 out of 5 stars","-"
"477",15,"Zane Gonzalez",SF,"K43","9","2 out of 5 stars","-43"
"478",15,"Sammy Watkins",FA,"WR166","-","-","-"
"479",15,"Tommy Tremble",CAR,"TE64","7","3 out of 5 stars","-"
"480",15,"Brian Hoyer",LV,"QB49","13","4 out of 5 stars","-"
"481",16,"Jalen Reagor",MIN,"WR167","13","3 out of 5 stars","-14"
"482",16,"Davis Mills",HOU,"QB50","7","3 out of 5 stars","-"
"483",16,"Erik Ezukanma",MIA,"WR168","10","3 out of 5 stars","-"
"484",16,"Brandon Powell",MIN,"WR169","13","3 out of 5 stars","+83"
"485",16,"Anthony McFarland Jr.",PIT,"RB127","6","3 out of 5 stars","-"
"486",16,"Tyler Badie",DEN,"RB128","9","4 out of 5 stars","-"
"487",16,"Teagan Quitoriano",HOU,"TE65","7","3 out of 5 stars","-"
"488",16,"Trey Sermon",PHI,"RB129","10","1 out of 5 stars","-7"
"489",16,"Malik Willis",TEN,"QB51","7","4 out of 5 stars","+3"
"490",16,"Jarrett Stidham",DEN,"QB52","9","4 out of 5 stars","+12"
"491",16,"Ronnie Rivers",LAR,"RB130","10","3 out of 5 stars","-"
"492",16,"Travis Homer",CHI,"RB131","13","5 out of 5 stars","-"
"493",16,"Jaleel McLaughlin",DEN,"RB132","9","4 out of 5 stars","-128"
"494",16,"Elijah Higgins",MIA,"TE66","10","2 out of 5 stars","-47"
"495",16,"Ashton Dulin",IND,"WR170","11","4 out of 5 stars","-"
"496",16,"Elliott Fry",FA,"K44","-","-","+81"
"497",16,"Carson Wentz",FA,"QB53","-","-","-19"
"498",16,"Damien Williams",LV,"RB133","13","3 out of 5 stars","-"
"499",16,"Dare Ogunbowale",HOU,"RB134","7","3 out of 5 stars","-"
"500",16,"Quintez Cephus",DET,"WR171","9","3 out of 5 stars","-"
"501",16,"Elijah Dotson",LAC,"RB135","5","3 out of 5 stars","-16"
"502",16,"Danny Gray",SF,"WR172","9","3 out of 5 stars","-"
"503",16,"Mark Ingram II",FA,"RB136","-","-","+63"
"504",16,"Kendall Hinton",DEN,"WR173","9","2 out of 5 stars","-"
"505",16,"Alec Ingold",MIA,"RB137","10","1 out of 5 stars","-"
"506",16,"Derius Davis",LAC,"WR174","5","3 out of 5 stars","+56"
"507",16,"Equanimeous St. Brown",CHI,"WR175","13","3 out of 5 stars","-149"
"508",16,"Marcus Mariota",PHI,"QB54","10","3 out of 5 stars","-130"
"509",16,"Joshua Dobbs",ARI,"QB55","14","2 out of 5 stars","-54"
"510",16,"Josiah Deguara",GB,"TE67","6","4 out of 5 stars","-"
"511",16,"Payne Durham",TB,"TE68","5","2 out of 5 stars","-"
"512",16,"Patrick Ricard",BAL,"RB138","13","3 out of 5 stars","-58"
"513",16,"James Mitchell",DET,"TE69","9","3 out of 5 stars","-2"
"514",16,"Keith Kirkwood",NO,"WR176","11","4 out of 5 stars","-"
"515",16,"O.J. Howard",FA,"TE70","-","-","-"
"516",16,"Jimmy Graham",NO,"TE71","11","5 out of 5 stars","-205"
"517",16,"John Bates",WAS,"TE72","14","3 out of 5 stars","-73"
"518",16,"Lew Nichols III",GB,"RB139","6","4 out of 5 stars","-"
"519",16,"Montrell Washington",DEN,"WR177","9","2 out of 5 stars","-"
"520",16,"Mike Davis",FA,"RB140","-","-","-"
"521",16,"Skylar Thompson",MIA,"QB56","10","2 out of 5 stars","-52"
"522",16,"Racey McMath",TEN,"WR178","7","3 out of 5 stars","+58"
"523",16,"Eric Saubert",MIA,"TE73","10","2 out of 5 stars","+29"
"524",16,"Hendon Hooker",DET,"QB57","9","4 out of 5 stars","-123"
"525",16,"Charlie Kolar",BAL,"TE74","13","4 out of 5 stars","+6"
"526",16,"C.J. Ham",MIN,"RB141","13","5 out of 5 stars","-64"
"527",16,"Stetson Bennett",LAR,"QB58","10","2 out of 5 stars","-212"
"528",16,"Zack Kuntz",NYJ,"TE75","7","3 out of 5 stars","-13"
"529",16,"Josh Whyle",TEN,"TE76","7","3 out of 5 stars","+19"
"530",16,"Trevor Siemian",CIN,"QB59","7","3 out of 5 stars","-95"
"531",16,"Ian Thomas",CAR,"TE77","7","3 out of 5 stars","-"